158629;Sevilha Contabilidade
158656;IDEAL PRODUTOS DE LIMPEZA
158737;LUA DE PRATA SEMIJOIAS
157554;STA TECHCANA EIRELI
158651;Verticore IT
157545;BRASERV
158559;ARSIOLI & DOZZO MOEMA CENTRO DE ESTETICA LTDA
152657;ECCOX SOFTWARE S.A.
132908;BR MOBILITY VEICULOS INTELIGENTES
150723;MATADOURO FRIGORIFICO PRODUCARNE LTDA
157507;PATROCIN CLIMATIZACAO
159937;SARE Máquinas
156713;LUXE TRAVEL NEWS
157541;T&V.NET
158106;NEWSOFT TECNOLOGIA EM SISTEMAS
159488;Lefer Automação
130828;WISE AUTOMACAO
155811;ROIT INNOVATION
157370;AG3 SOLUTIONS
